File Name,E5,Pressure,Inner_Radius,Outer_Radius,inner_x1,inner_x2,inner_x3,inner_x4,inner_x5,inner_x6,inner_x7,inner_x8,inner_x9,inner_y1,inner_y2,inner_y3,inner_y4,inner_y5,inner_y6,inner_y7,inner_y8,inner_y9,outer_x1,outer_x2,outer_x3,outer_x4,outer_x5,outer_x6,outer_x7,outer_x8,outer_x9,outer_y1,outer_y2,outer_y3,outer_y4,outer_y5,outer_y6,outer_y7,outer_y8,outer_y9
_Part5_E(2.23)_Pressure(0.15)_Inner_Radius(2.47)_Outer_Radius(4.87),2.23,0.15,2.47,4.87,2.4700706672655306,2.4879579720664133,2.498832107656387,2.5074278076388943,2.515853703216328,2.524435517745897,2.532559261295466,2.539514425199409,2.545337176614459,-1.914890733074555e-06,0.5016399453963223,1.0034796252424407,1.50537583735868,2.007269671789336,2.5091555208959804,3.0110520043414986,3.5129728940741223,4.014898039311467,-4.870008300036654,-4.876626215871688,-4.883908547341022,-4.891437207309984,-4.898897636426567,-4.90608241663381,-4.912894884682214,-4.919352745642157,-4.925591686416293,-1.2963566360056984e-07,0.4978244217136447,0.995639494529795,1.4934510453472916,1.9912635931928664,2.489080113061865,2.9869019293946435,3.484728609552953,3.982557857296338
_Part5_E(1.37)_Pressure(0.1)_Inner_Radius(2.95)_Outer_Radius(5.95),1.37,0.1,2.95,5.95,2.950049350013535,2.9691336137441047,2.980151445533164,2.988723810873916,2.997099050089645,3.0054613132345294,3.013238994994464,3.02041316958787,3.0288260256665267,-1.7686066259875668e-06,0.5022030987592934,1.0046407634466192,1.5071428702403566,2.009642318765535,2.5121346948551366,3.0146397019180284,3.517162592306887,4.019655598686133,-5.950005596665241,-5.9562277697077,-5.9628702861058684,-5.969844508722479,-5.97692849893265,-5.983873501770701,-5.990510431076993,-5.99685635464478,-6.003220979367038,-8.22255751510417e-08,0.4977237685117707,0.995442047052984,1.4931558539962877,1.9908681688546608,2.48858237053326,2.986300757806853,3.4840230697972405,3.981745006450687
