Levator_Plate_PC1,Levator_Plate_PC2,ICM_PC1,ICM_PC2
2.351051985,-18.62182094,-0.802458272,12.60647408