Levator_Plate_PC1,Levator_Plate_PC2,ICM_PC1,ICM_PC2,Hiatus_Size
-5.371643982,-0.66032807,4.000975115,-6.736577008,35
-40.39031973,-7.438829141,33.33131814,-5.60749516,35