Levator_Plate_PC1,Levator_Plate_PC2,ICM_PC1,ICM_PC2,Hiatus_Size,Negative_CL_Point
-5.371643982,-0.66032807,4.000975115,-6.736577008,35,"-45,-15,40"
-5.371643982,-0.66032807,4.000975115,-6.736577008,35,"100,100,100"
4,3,2,1,35,"0,4,3"