Levator_Plate_PC1,Levator_Plate_PC2,ICM_PC1,ICM_PC2
-5.371643982,-0.66032807,4.000975115,-6.736577008
-1.96539727,23.2928823,15.30043578,-25.97710644
-40.39031973,-7.438829141,33.33131814,-5.60749516