File Name,E5,Pressure,Inner_Radius,Outer_Radius,Principal Component 1 Inner Radius,Principal Component 2 Inner Radius,Principal Component 3 Inner Radius,Principal Component 4 Inner Radius,Principal Component 1 Outer Radius,Principal Component 2 Outer Radius,Principal Component 3 Outer Radius,Principal Component 4 Outer Radius
_Part5_E(2.54)_Pressure(0.1)_Inner_Radius(0.82)_Outer_Radius(3.1),2.54,0.1,0.82,3.1,0.804019081611788,0.8086286501054911,0.8079151270520732,0.8090334230958787,-3.0999682316291954,-3.100677586480199,-3.1010054022924,-3.1015924025947528
_Part5_E(1.14)_Pressure(0.12)_Inner_Radius(1.36)_Outer_Radius(2.2),1.14,0.12,1.36,2.2,1.3340257910252566,1.3663221417136333,1.3932596335434613,1.4118556391591282,-2.1999814438016205,-2.223101403815696,-2.246940471661943,-2.264867144452907
_Part5_E(2.27)_Pressure(0.14)_Inner_Radius(0.86)_Outer_Radius(3.28),2.27,0.14,0.86,3.28,0.843252905280466,0.8509971218295348,0.8512357503338402,0.8528267927507392,-3.279966564582013,-3.281086303259509,-3.281822528322469,-3.282817801395212
_Part5_E(2.96)_Pressure(0.13)_Inner_Radius(2.23)_Outer_Radius(5.03),2.96,0.13,2.23,5.03,2.229936108507653,2.2392426924735727,2.24318399305972,2.2468275801053825,-5.029990292991378,-5.032523969437829,-5.035105053799561,-5.037908360468485
