File Name,E5,Pressure,Inner_Radius,Outer_Radius,principal component 1 AVW,principal component 2 AVW,principal component 1 Bottom Tissue,principal component 2 Bottom Tissue
_Part5_E(2.54)_Pressure(0.1)_Inner_Radius(0.82)_Outer_Radius(3.1),2.54,0.1,0.82,3.1,-1.5541556147191553,-0.022173615994925296,-0.95753914073234,-0.03377292235714411
_Part5_E(1.14)_Pressure(0.12)_Inner_Radius(1.36)_Outer_Radius(2.2),1.14,0.12,1.36,2.2,0.21877396343154687,0.06991047750505285,-3.4866602695423317,0.04098496087615213
_Part5_E(2.27)_Pressure(0.14)_Inner_Radius(0.86)_Outer_Radius(3.28),2.27,0.14,0.86,3.28,-1.4223178902047955,-0.01959036783710367,-0.4131406029614877,-0.02762424787403276
_Part5_E(2.96)_Pressure(0.13)_Inner_Radius(2.23)_Outer_Radius(5.03),2.96,0.13,2.23,5.03,2.7576995414924044,-0.028146493673024058,4.85734001323616,0.020412209355023945
