File Name,E5,Pressure,Inner_Radius,Outer_Radius,Principal Component 1 Inner Radius,Principal Component 2 Inner Radius,Principal Component 1 Outer Radius,Principal Component 2 Outer Radius
_Part5_E(2.54)_Pressure(0.1)_Inner_Radius(0.82)_Outer_Radius(3.1),2.54,0.1,0.82,3.1,0.804019081611788,0.8086286501054911,-3.0999682316291954,-3.100677586480199
_Part5_E(1.14)_Pressure(0.12)_Inner_Radius(1.36)_Outer_Radius(2.2),1.14,0.12,1.36,2.2,1.3340257910252566,1.3663221417136333,-2.1999814438016205,-2.223101403815696
_Part5_E(2.27)_Pressure(0.14)_Inner_Radius(0.86)_Outer_Radius(3.28),2.27,0.14,0.86,3.28,0.843252905280466,0.8509971218295348,-3.279966564582013,-3.281086303259509
_Part5_E(2.96)_Pressure(0.13)_Inner_Radius(2.23)_Outer_Radius(5.03),2.96,0.13,2.23,5.03,2.229936108507653,2.2392426924735727,-5.029990292991378,-5.032523969437829
